wallet_address,total_volume_usd,total_pnl_usd,total_trades,median_trade_usd,top5_volume_usd,pnl_0_3mo,pnl_3_6mo,pnl_6_9mo,pnl_9_12mo,profitable_categories,primary_category,total_markets,win_rate
0xd91a5e5a35150b26e52e9403e086c58a7e4a4f27,88000000,50000000,900,48000,45000000,30000000,10000000,5000000,5000000,2,Politics,191,80.5
0x1234axiom,66168434.66,-21056.06,3480,15052.5,51156791.72,-8210.0,-2132.81,-1406.07,-9307.18,5,Politics,69,36.0
0xascetic0x,35056128.58,12857887.18,4715,6248.42,12441614.41,5207038.82,2358348.7,1358860.18,3933639.48,5,Politics,85,45.5
0xwindwalk3,90699188.37,-6922512.48,4201,30911.59,46236812.1,-3015094.66,-1526031.8,-34191.24,-2347194.78,1,Politics,170,51.4
0x1j59y6nk00000000000000000000000000000000,84966690.44,12833958.06,1145,121096.8,56669536.97,2411495.36,2184089.09,766343.04,7472030.57,1,Politics,126,76.2
0xerasmus000000000000000000000000000000000,82916803.13,10642342.72,4346,27647.68,34444090.14,1618381.35,1547972.68,97310.39,7378678.3,5,Politics,73,77.5
0xsworks0000000000000000000000000000000000,19331656.24,-662410.63,2477,6341.2,7175141.02,-318311.8,-141601.7,-119827.55,-82669.58,2,Politics,22,71.7
0x1d9fab2fc6c0ac9f9192b108b7e4ea772aa9f191,128447.2,7456.84,137,1061.08,44855.1,3442.82,1637.75,1083.05,1293.22,1,Sports,87,58.5
0x5ca95c74a2d27b2b04fab13111b6b7b738c3314c,414018.05,29843.67,407,1274.98,131693.49,15776.79,5015.65,5170.37,3880.86,3,Politics,149,24.8
0xc07d0572893a012800ef84043cc60ef46ddd9521,233064.62,21236.1,45,5202.14,133823.14,3967.44,6216.4,2574.97,8477.29,2,Macro,114,76.0
0xb0215200de1aa91d2921fb8a0c2c78120a1469fa,44285.84,4882.01,444,157.05,18041.77,2139.18,888.04,552.43,1302.36,1,Culture,49,49.1
0x41e98967196ddef17adc5e4f78828ff02a2c334b,98084.97,-1233.12,28,2992.6,39035.53,-350.05,-148.26,-129.56,-605.25,3,Politics,36,50.4
0x5c518d95c620a9e68cf5dfad73ed6b4c0969b5cc,58646.09,-2496.11,406,260.8,7872.58,-760.07,-473.34,-164.26,-1098.44,1,Politics,180,27.2
0x79bc46c4a11d81eb46e0d147c17e97524055a430,140263.98,40118.22,476,504.96,58632.91,4944.75,8062.56,2856.22,24254.69,1,Sports,123,58.3
0x9b4acf6b443a2776f4b74670531a854d41d4a7c1,440518.25,49145.09,210,3371.05,344032.91,8655.51,7915.51,7741.94,24832.12,5,Crypto,107,46.2
0x2b91b6fd767aaff7cf175283664d17b889a8e45d,126769.73,15635.58,74,1971.05,30688.16,4032.65,2343.6,2301.99,6957.33,1,Sports,188,44.0
0x4ee835425435a3c13d0340b7f19d9ea1c1b99c5d,367749.34,35762.49,308,2305.93,258732.14,13827.07,6822.68,5738.59,9374.14,1,Politics,46,55.0
0xee0331fc99ae3cdf60d1949cecac9c7733cd65f4,244864.92,-6351.36,290,1018.65,118108.1,-3591.5,-1161.86,-608.77,-989.23,3,Sports,176,44.1
0xb231e65de30fcdd9e58a820ada32afd54a0b4d0c,94351.14,-8928.84,412,442.82,41918.57,-4718.55,-1409.09,-46.1,-2755.1,3,Culture,179,33.0
0xbe2e38371876bbb45896b8344842707021bbe84f,246402.38,93579.92,296,466.85,189345.19,27963.88,18444.19,17342.84,29829.0,4,Crypto,189,58.6
0xfd783e83b3b206f7f4941e5ebe9603c087c234f6,271683.79,12334.94,186,992.06,28872.01,5020.7,1817.74,1671.18,3825.32,4,Crypto,60,62.5
0xe42422a9025a1f7291d7e681ea142c50a4fd2ae9,269548.89,-16058.13,71,6328.38,52987.64,-4520.76,-2595.59,-201.0,-8740.78,4,Culture,151,44.9
0x38319cf4054101cc6222bc1730812cab57215588,252744.17,80837.71,174,1363.31,76983.28,43158.12,17404.38,2629.61,17645.6,4,Crypto,52,72.6
0x933c6bf9aae0f482af729c7ae7850d2aca9ebf0f,24515.62,1777.49,240,94.49,16187.52,442.81,326.98,207.21,800.48,1,Crypto,32,36.1
0xd135a9e1fe4f49627646a1bf69a08c16d87832d7,261449.42,7899.74,432,803.36,66343.22,3448.49,1245.85,890.86,2314.53,4,Culture,10,82.7
0xac344a322fc48ca32e6d4d06ae32e59e4fecc742,299638.57,20996.38,350,1146.73,42651.98,12242.04,5133.73,2801.21,819.39,5,Sports,151,52.3
0xe6209215046383252f0948a8ea8b3c29c7c248ab,421583.57,92642.89,102,7891.21,177636.33,13057.71,25267.66,752.06,53565.46,3,Culture,188,82.1
0xb6e543f8312731ff6c12d832a789dc9e39730ff5,312154.13,115500.37,489,1098.79,218640.17,66866.82,32518.92,3942.81,12171.82,5,Politics,34,82.0
0xfe12e7e6098d069f3a6af37c849de483504a9f40,68441.69,7577.79,121,413.92,13678.22,4280.29,2264.72,1088.71,-55.92,2,Crypto,19,27.0
0x34cd6674beb9d5ae85b3119b388889c12b265d53,117337.72,33869.67,55,2500.81,58221.0,15066.45,5196.51,2367.7,11239.01,3,Politics,145,84.4
0x306965a69e8abc3bff3e34d8f9ae28330797fe58,150760.97,29062.48,364,798.66,39590.82,4128.9,4192.03,2466.95,18274.61,5,Sports,23,32.3
0x022d6d22f74d207ebc9f1dfb8ff2247a7cb6591b,157012.08,-6432.96,91,3066.27,57052.51,-3562.16,-1086.67,-172.05,-1612.08,4,Politics,199,66.4
0xbb4c673d278f1357cac6f95975f77dd4084563a4,35506.07,8260.81,279,97.98,15878.95,2543.73,1504.41,1366.59,2846.07,3,Sports,55,43.0
0xe1bbe589145b9fa44ddf170740cad361dfefa6d1,84446.73,15717.53,315,219.33,57999.3,8172.89,3819.8,3036.08,688.75,4,Politics,108,66.7
0xcfdda614c3202eeda1059123129c40decca7bd92,340834.22,-7755.05,388,568.55,192530.11,-1870.81,-954.14,-1309.58,-3620.52,3,Culture,105,84.8
0x20dacb7d49193f973ef453bf7a7081fd08bd60cd,87118.96,-2188.45,208,339.23,20728.87,-467.32,-429.12,-345.09,-946.92,5,Sports,196,54.3
0x774f7d328dc49715769f171a682f072ef1333869,278687.26,18839.07,174,1753.55,143900.87,4569.18,5285.13,296.95,8687.81,2,Politics,81,66.4
0xf9a1e9b985b0bb087c5fbeb7d50973305ce69402,191676.15,67424.78,399,435.19,52701.18,26068.47,9087.61,4228.8,28039.9,5,Politics,77,21.2
0x145e1e5bc82a9909bb3ec1be9a83cdf9c03e6d12,87784.86,-6159.74,304,255.77,66900.19,-2053.89,-766.79,-1177.44,-2161.61,4,Politics,45,31.7
0x1b67f8f6458ae36ce256da46035cdc76bc193148,141338.22,55030.28,415,605.15,65377.01,10613.55,7666.17,7630.37,29120.19,1,Culture,174,71.0
0x5f2fbfd168219ed5e4cc645934f87dc6443156e2,184015.03,4744.1,312,418.75,59450.33,2597.42,1086.93,568.51,491.25,4,Crypto,60,79.6
0x899944f87364d1db027ab0469bc060a936bc95c7,206496.48,37836.7,57,2324.17,56847.36,7617.3,7175.9,5219.97,17823.53,4,Sports,90,74.8
0xa09efc4482917dbebe4fa60500b0341878f0fa83,153965.67,27940.28,417,612.66,87664.31,12498.85,7464.55,5019.55,2957.34,3,Crypto,197,31.9
0x8c969b43f104b231bc5da82e3ec7439b3264a5c7,275443.07,85901.73,314,664.29,51277.95,41688.95,23460.88,2334.38,18417.52,2,Crypto,39,47.7
0x08c6e9eedb8ef8d7ee0cad9ddf16a25b60479e76,65386.24,16790.33,356,288.55,46902.45,7450.59,2069.99,2515.15,4754.6,4,Culture,194,84.1
0x4747d0990f0b8efee79f1bd1335ab658ac43f88b,391566.56,29770.41,36,16727.45,98368.9,12439.17,5469.7,2272.02,9589.52,1,Sports,96,81.3
0x3564cc1ffdecaeda91e40dbf691ded357c7038a0,155724.79,21639.7,421,192.24,76286.12,2210.56,4085.52,2003.24,13340.39,1,Crypto,58,84.8
0xe33452ff94846e67973a8f9a205f10de95782024,487191.32,-23133.06,275,3363.38,272974.84,-4241.98,-4837.43,-3553.87,-10499.78,1,Sports,77,38.4
0xf3f32db66f9f6a86db9c2a0984f85cb1205485fe,371600.98,46035.56,167,1212.4,213436.09,26097.79,8858.77,4361.37,6717.64,5,Sports,189,38.7
0x8f2f889dd7a7e8eeb0b3099cf45a03eb5da738ae,382374.53,38362.34,37,19727.15,129505.01,21742.05,7593.77,6274.94,2751.58,5,Culture,125,32.9
0x67ff0ba0b4dfe2a5b3ab8033a95f88fabb6fec93,421357.49,-5250.49,456,1722.65,192049.98,-824.95,-615.99,-515.22,-3294.34,2,Macro,12,44.0
0x5d6ddd4f8f9082d128ecbdbe71a5323a376a45cc,409374.92,62805.89,186,1128.12,65995.16,20053.95,13881.19,4630.47,24240.29,3,Culture,167,79.6
0xb46b605af2ba3021fae1688d28aad2c9e4956423,289467.73,-19145.8,410,774.12,97499.9,-10643.6,-3161.91,-3749.63,-1590.66,5,Macro,136,76.7
0x622e68d1f22c08ad07faccf199aa10acbb11c4b7,151034.42,1424.0,56,1441.25,119456.32,853.92,285.19,214.8,70.08,5,Culture,119,69.9
0x1ab8544a0173ae78c85eaa998aa6edeea65583af,9378.93,1408.8,193,66.67,3389.68,738.81,188.52,153.74,327.73,2,Culture,97,79.3
0x78bdbce1ca0efd7067de5f479e6331f23a38c65f,70286.41,18295.77,236,431.33,29010.22,2485.96,3249.01,132.2,12428.59,5,Culture,90,32.3
0xe5f1ec0c1636d8c8455a8f70e5188425e4d7644c,30300.27,10776.3,124,369.86,12856.56,2737.57,2796.01,450.41,4792.3,2,Culture,89,72.1
0xc3297f765c783669034c2061a93e61f067421371,11838.23,4563.87,74,302.46,4143.26,1254.4,1134.74,429.58,1745.15,4,Culture,101,56.3
0xd7ed9d02350a91957f51bd15bfe78faf2a54e19a,130980.66,29051.05,213,634.49,64636.97,14632.72,6627.02,462.46,7328.86,1,Macro,144,67.7
0x7186c0f5fd852c567f1a70103083a297a553f404,414144.95,17211.39,259,2039.14,204266.28,3023.86,3669.11,1171.99,9346.42,3,Politics,18,73.9
0x5f47fa89297c3ffe022a0b1fea3d523edfdde8a6,183081.1,-6785.38,465,590.41,102584.48,-1946.53,-971.79,-689.62,-3177.44,5,Crypto,198,64.1
0xdf5c73596e982a4ea31813758c3773ff645a5252,358619.43,118990.8,210,1903.91,177876.21,48640.78,17688.57,9450.8,43210.64,5,Politics,55,71.0
0x76680b7f5201842164069cdef1d43b49beda1f3a,389100.16,117202.35,272,2482.17,169764.5,48065.38,24176.6,8852.44,36107.93,5,Culture,128,34.4
0xe3e1a5f263d0315260b1ae95345e6436adaf3e4e,139532.52,21237.91,407,550.89,23868.12,8163.64,3470.26,1129.28,8474.73,4,Macro,23,55.6
0x09ab312112046843acf5ead00c8f6b2459e412a4,271626.46,4334.33,167,1937.82,123363.53,1166.8,722.58,13.17,2431.77,2,Culture,32,78.6
0x816d69eef2dfa4deb94da301a6199d8c35431311,330493.27,30101.18,407,591.65,221941.6,9402.49,4933.8,2954.92,12809.97,1,Culture,175,72.8
0xc0aa8eefec7d9ff05f015810a3aca52b50ab51c0,361786.85,76919.49,153,1921.27,54495.81,9954.25,21499.42,876.67,44589.15,5,Politics,67,80.4
0xe82ea5273d41a7809298658b1c7c41ce8c9c7814,87484.17,11712.8,358,135.96,46673.57,7009.64,3297.61,1704.77,-299.21,2,Macro,152,27.7
0x4ea47103aa195bc0f33f5a2801b3682f61a400eb,177404.73,55286.32,421,457.68,87219.31,16038.03,6439.23,10267.78,22541.28,2,Politics,117,83.9
0x3819cdc7c91e91ce8b7454491cb6d867a2570661,82006.07,18536.04,274,439.24,55209.5,10914.14,4782.11,1310.24,1529.55,4,Politics,165,48.9
0xd148508015b0b56955c95730a1e65cc66ca6a454,204632.57,10013.52,284,1012.26,75187.6,1027.55,1631.57,583.32,6771.09,3,Politics,165,46.5
0x55c87130afe0d2e33ca369b14d15ef6cefdc7c78,173178.54,47908.18,341,568.68,90664.11,26216.37,11959.5,9408.07,324.25,5,Macro,123,38.4
0xc0555c96e94d1583a9279e8b637d8622c9232406,481043.32,176623.0,381,1547.0,349342.71,31357.55,24695.67,10719.7,109850.09,4,Macro,96,25.2
0x3f99c939a3587eaa178ef8e5e2bb0618145422e5,347452.32,94959.36,423,610.41,269848.73,37743.48,17341.27,16194.4,23680.21,5,Crypto,45,32.1
0xc805508b1c4fb01321cf117ee9f8027e08f4589b,481805.08,3908.77,483,1502.58,372232.35,775.61,874.21,395.85,1863.09,3,Crypto,28,71.3
0xdf545b7309659319431ff6c5c8e69f4bf2b1e804,211236.62,66080.87,121,3025.16,59421.69,33757.23,12677.18,12558.28,7088.18,4,Culture,94,64.8
0x4ca070814bff388bbfa09308525a6cb2a0a62be4,10332.82,3830.66,354,49.26,5573.34,1754.27,787.58,148.8,1140.0,5,Culture,121,43.7
0x506f35b1c03b77cede8862caf8ff9559a3bb31b2,393655.43,14164.74,84,6034.83,304843.12,7555.21,1823.74,2253.73,2532.06,1,Sports,36,51.3
0x243678ba3163be271953fb7bc87091d7abee155c,292372.68,-23977.48,261,1284.85,112452.37,-10047.74,-6282.11,-1801.54,-5846.09,3,Crypto,49,45.0
0xe36f342300f3a72196d8de6906dea188e34045cd,63982.09,-4595.25,258,242.69,48083.68,-1813.87,-1176.31,-820.29,-784.78,4,Crypto,199,39.3
0xc2be93d3bf131a09d398c3ccd777acc511629603,496176.18,-40727.56,251,3827.66,69605.88,-13030.71,-7084.94,-2094.25,-18517.66,2,Culture,73,20.8
0x0f3a231ac50380e0e3c5e63ddb43d86eba903375,367650.05,104962.19,229,1487.41,265492.38,57681.84,16483.65,2564.33,28232.37,3,Macro,14,47.4
0x7aa4ffe7716df2f1aa4a3dedab871a6c98a3ad73,352190.34,137759.13,61,11282.51,215947.17,38048.51,29763.94,17143.49,52803.2,4,Politics,133,40.3
0x5688a27c24b775dc4dbf699d57c625fc84d47e82,261090.24,4887.52,179,889.74,92506.38,507.26,1254.1,63.56,3062.6,5,Crypto,67,74.6
0xc8c9b88b57705ee34dd491fdbba4dd31ac2b4528,120583.76,20268.23,35,4896.02,61531.15,9102.06,2527.95,1356.43,7281.79,3,Politics,136,61.8
0x3b06e233b5bc7f5f94e02d31e5087edf77a55523,481913.83,99342.5,450,1721.04,215658.0,28303.11,19115.62,15757.99,36165.79,4,Sports,103,40.1
0x051eb56645e4c70cf5d44066c50d43e9c3884ef5,255293.39,71127.65,280,1180.84,64057.55,7571.67,11972.73,9406.84,42176.41,2,Culture,164,67.2
0xba861c2bf294533f608e96cc85e13def222a479b,61551.15,-535.57,96,504.77,37335.49,-147.85,-159.15,-39.23,-189.35,3,Politics,194,84.1
0x99b2ae859b3bc76ea26370dd4dff2648c450f7f6,434750.61,20672.66,294,2444.16,100239.16,3323.86,2748.42,1760.35,12840.01,1,Crypto,67,67.7
0x35e8fbbcdc208144be2fe265665d6adf639205a7,301496.29,47904.74,343,882.58,212187.04,27910.74,9855.06,2416.39,7722.54,4,Macro,191,35.0
0x9648293991d408982e275356f18f54b87cf4847d,237530.38,-15849.83,178,1448.09,142587.85,-1639.28,-3957.38,-192.28,-10060.9,5,Macro,121,45.1
0xb553df1f000be153a31b77c08d634bb8a39b80a9,157157.62,2236.39,457,379.65,97504.74,626.89,368.62,424.29,816.6,5,Sports,21,65.2
0xbe948e21b397cda0717bd9e0e2ce87c063c3c496,48417.29,-3291.86,178,471.33,14515.1,-687.78,-512.83,-188.31,-1902.94,5,Sports,164,73.8
0xc06446a29feff8d682aa63790c9f90fc4e80736a,32783.47,7828.92,165,298.8,22591.41,3907.99,1314.42,368.9,2237.61,1,Sports,108,56.0
0x71f56aec3917505c48dbe17591b48d9bd42c1813,189582.38,-3703.72,270,379.74,25437.98,-447.23,-519.75,-405.21,-2331.52,4,Macro,101,26.9
0xe3addac8c8ef2e77c04c4e8fdee60d912455cf18,379467.46,7874.59,275,1568.79,284527.63,4026.1,2217.36,535.82,1095.31,3,Politics,180,21.0
0x1e5b7118fbf51c22b2ac46d643353540967d7d66,49835.49,-2631.22,495,111.03,6215.95,-832.82,-636.12,-196.27,-966.01,4,Culture,22,79.9
0x1b3f614ef68d1523686d7a2149a8cea3f574e3c1,178397.24,-5327.84,287,732.74,118937.46,-2704.77,-602.79,-182.95,-1837.34,5,Politics,141,31.6
0xf743ed3ddd6cb2eb71fd745891daa10366eb14db,371589.97,43714.69,209,2821.34,260233.53,13884.6,9645.22,4897.69,15287.17,4,Culture,124,51.4
0xbde717d08374e1bfcfa27a1f33b5e527d4646a68,82010.64,6818.78,23,3071.46,61389.83,3259.47,748.24,731.97,2079.1,5,Politics,90,57.1
0x98ed4b31ef1e800fc8aa0cfbaf8b5493553a4236,181158.55,46992.01,268,499.43,94374.94,17946.92,8175.84,2853.94,18015.3,3,Macro,47,45.7
0x07930ac7461774187836417a7b9acf4f28e5e612,110803.38,38741.59,436,322.72,44826.4,13651.39,4705.8,130.04,20254.36,5,Macro,191,60.0
0x7725a267d987aae92251d01544dc51033dbd79ce,483154.92,39508.81,372,825.22,257805.39,15242.28,5632.25,7700.12,10934.16,3,Crypto,50,33.4
0x45354956aa74ae09552103e8cd1ef91f4321cc4d,131513.48,1460.1,235,310.4,84473.25,702.88,334.18,191.28,231.75,1,Crypto,178,55.2
0xac8fb0a6f06393b9c7e903159a50235a38dde429,404871.91,-24440.49,274,2822.21,149034.51,-14650.72,-6674.76,-4253.07,1138.07,3,Crypto,112,56.6
0x2cfa021828a7cc94fd17caafad782b2c16318d46,275870.24,56224.13,446,1055.67,60719.68,17455.97,16471.42,6887.21,15409.53,5,Politics,156,54.8
0x55f86897aeeac8bd45652a2cb133dfed55d045fe,472687.72,43143.06,371,2492.0,224702.85,16552.68,8912.79,5198.45,12479.14,2,Sports,73,48.1
0x8f3bfe80b74ce93c1cf4f480049118ac2739b6db,130843.0,-5756.67,147,1484.18,40309.76,-2010.41,-1356.49,-783.6,-1606.17,1,Politics,32,60.8
0x15dc9c953f306ddcf86928769c995e62502c201d,335262.34,121663.46,53,6548.07,174501.98,66845.99,32396.78,19162.56,3258.12,5,Macro,95,49.7
0xbb1a8bd04482377890fac851a7c061461ca6a99b,120467.17,16175.31,106,1694.24,84831.14,1935.11,2855.54,1380.57,10004.09,2,Macro,148,76.0
0x06c9c0203990fe560661680203dcc5deef450df2,422312.27,-20030.29,54,11129.78,82796.45,-2521.41,-5078.44,-2441.31,-9989.13,4,Crypto,52,65.8
0x6fdc600a116acbd683029ce7d68457a9d40453d1,368310.2,24242.19,71,4507.03,255693.91,7897.02,3927.04,774.92,11643.21,3,Politics,65,47.8
0xe29d4541b56bb70f7837d1092ef1a8b321bbee58,149427.49,55033.13,213,1206.77,38235.74,7682.93,13802.08,6551.68,26996.44,1,Crypto,41,23.1
0x10a24a7a13540f5381294dbf0d0b62356540051c,235264.81,-16386.06,172,1558.37,51467.46,-4059.33,-3364.73,-3073.87,-5888.13,2,Culture,86,43.0
0xe341d19d6a0c012320c809bf586fdb52362f4229,44003.71,-68.95,85,412.15,27528.53,-19.58,-11.83,-0.56,-36.98,2,Sports,111,45.7
0x6621b002f844a9f6e3934922e65088c07d86286c,430718.43,121517.08,196,3469.53,238422.32,19233.35,17535.25,20412.25,64336.24,4,Macro,85,39.5
0x792d5a85e1c577f93f9163c8055a64ee166fb4b4,458904.9,-23710.59,66,5806.05,356578.23,-12829.83,-3569.62,-3174.58,-4136.56,2,Politics,30,55.7
0x2ea0d6a7267aa93fd6b7c344670cc1200826d6be,353797.67,69135.59,88,5834.9,47028.82,39052.27,8689.39,3743.73,17650.19,4,Culture,177,61.6
0x2699333392bd40a307bd06907ee8e98d1b2e6774,335683.38,132578.04,67,6075.32,228360.92,17190.2,22167.66,9980.77,83239.41,4,Macro,164,63.8
0x09f32d8dbd98e9c9435645313cbe038baf092e7d,42399.22,7519.16,179,174.52,9124.04,4303.08,845.48,61.77,2308.82,2,Sports,55,28.5
0x76c2e2f9c17b56581e35b9170508016f98872994,185920.55,-2615.5,389,408.15,47809.2,-691.79,-599.7,-26.25,-1297.76,5,Politics,28,43.1
0xa758c4cd265160eaadb0235fa6d07bfa93370c4f,436937.84,45932.16,29,17217.79,114084.16,6010.51,10533.07,2329.91,27058.67,3,Politics,80,84.6
0xb241e12bacb9974d53155e608b57c4e4e8daf77c,133681.21,30058.42,429,440.6,89703.58,7677.85,7261.78,3268.27,11850.52,5,Crypto,183,43.1
0xe6743575cbbb516016ceb4065a11812461bde587,447181.5,160299.64,138,3165.73,354004.06,19850.53,24452.54,17448.57,98548.01,3,Crypto,71,78.6
0xc8d141345bc3d37c2947b27c42562fa8474c4693,280597.71,-7460.4,228,1447.36,195642.42,-2185.96,-1538.95,-1413.84,-2321.66,2,Politics,106,54.5
0xfc83b6662b9cfb3fe8e1df358513f70547021099,461680.11,144016.6,368,766.11,255440.41,60344.14,15698.53,19244.89,48729.04,2,Macro,153,31.9
0x755f06ec5fc4cfbf7c09f9b4c8b975765e20d42f,81309.19,29924.53,153,398.67,19855.7,12303.14,5101.36,3730.0,8790.04,2,Culture,179,66.6
0x45ef5787c0dd94061a7841a9f86573abf9b8c746,194550.7,30256.91,362,987.36,81989.07,3561.79,8426.77,1327.89,16940.45,4,Macro,108,41.3
0xd77d0a9fee4d49089778a8958c1c8bb64f9b35be,317792.44,-13215.0,450,872.78,133467.08,-6725.09,-3431.33,-641.65,-2416.94,4,Sports,197,81.5
0x3d563264514b4c3c181ac88d3a538c3580c8af91,451508.04,59272.9,496,1690.62,135985.49,28477.39,11613.2,1243.38,17938.94,3,Culture,104,68.6
0xcf489e6ca1ef0a520abc9e109452c13a1a0d78e7,251185.49,49694.27,431,1055.79,89439.38,12709.44,6890.46,5159.86,24934.5,1,Culture,93,59.4
0x8698defb7d888683cdee39e53830df033008282b,206838.52,29352.0,23,12603.08,148670.88,6443.66,4501.69,3451.69,14954.96,1,Culture,193,64.7
0x0cfc1e3a1c488f9474188b1c82d405951c499c15,406046.58,9397.14,174,4398.72,178849.49,5165.61,1083.38,1853.26,1294.89,1,Culture,122,27.5
0xcb30d526cdb2033b886b83759722525c6cf858d2,55136.85,5212.97,399,140.6,29527.89,687.69,798.58,961.32,2765.38,2,Crypto,126,22.0
0x07974e94635017b50f7a015eaa52116a9ed3091a,98299.94,20893.27,447,418.58,42030.62,5982.1,2789.41,2902.48,9219.27,3,Politics,128,80.6
0xe75a65845479d89d322fbc37650a9c217ab9fabe,116180.63,38941.35,201,1068.16,46558.96,21392.4,7892.32,7527.61,2129.03,1,Sports,150,82.1
0xe8a568aa7f013d065ce8b56b9372f5bfae32bf67,448680.87,78836.44,195,4184.34,320571.93,45048.19,9096.3,9444.1,15247.85,2,Culture,158,78.7
0xfe9272b31cbe8877d0f75869678e4cbd0b67964b,64675.71,21812.99,333,350.51,41657.61,11236.9,4554.3,3989.37,2032.42,2,Crypto,28,81.8
0xd26d231d49ba83976039168798aa1057c86bd176,205658.16,48873.13,10,40004.24,57462.39,13308.74,11327.3,1884.81,22352.29,2,Sports,123,47.7
0x169530e618a36892ff100192f895ff181c3a8b6a,306558.2,94707.51,326,1629.88,50330.31,24492.75,16679.15,6093.95,47441.66,4,Culture,48,68.2
0xc1e5f823b9354c06cc46a1be57d0f16e0ba21a0a,47359.7,17309.1,286,138.84,37035.91,8420.91,4983.43,2313.81,1590.95,4,Crypto,25,64.6
0x88de8e4847aa4a4d6a28ec2ed078768d095f2029,204651.8,27861.25,330,1046.19,134154.82,7958.24,4892.14,1414.49,13596.39,3,Macro,184,70.3
0x9582c1e3d29b5c4bf229b4823b6e91f7fa7e35d9,370646.21,-27369.93,184,2352.72,103635.37,-6770.85,-4026.43,-4191.93,-12380.72,3,Politics,161,78.7
0x15ef346b33ad9898bb1e4adc031f2a1266ed61cd,84813.81,31604.06,356,234.11,65057.22,14336.69,8412.92,5527.0,3327.45,3,Sports,132,38.7
0x8a1c050e07dd3beafc8fa573a4ab3f14c1678032,19131.53,489.71,282,129.15,2389.02,137.99,109.94,29.33,212.46,4,Crypto,84,38.9
0x986289d9924e296f6b29b48b3311aa896707bac5,292578.42,-14564.13,330,1402.58,84223.78,-5631.77,-1625.97,-1706.03,-5600.36,1,Politics,198,70.7
0x45852fa7282f7403cb44c1a44d2b6567d47bdf78,415331.2,-37262.01,420,1881.11,258846.36,-15790.33,-8734.69,-5080.86,-7656.13,5,Sports,59,51.4
0x82e530fa4f3ea90ee0115fa4d4d128a06c05c753,119010.04,-8553.37,159,1169.3,26156.06,-4989.26,-1751.69,-1069.51,-742.91,2,Macro,171,25.6
0x390992db28f6c3cdce9b2d73f5648335821ea188,428954.17,24803.31,487,1632.64,164866.37,6147.33,3804.68,311.11,14540.2,5,Culture,62,48.2
0xefc34e2e8de7458ac90029401553793c108bc683,231989.0,-841.83,398,673.49,179733.03,-262.06,-119.47,-59.69,-400.61,1,Culture,98,57.4
0x80cd32c2f80ccbd394de39d00b22621c77410f10,481443.12,136119.52,85,4671.88,201390.94,21617.5,14387.28,4093.3,96021.44,1,Culture,12,71.0
0xbd3e12c7e1011aa3d3457c716986bd4afa170af7,383713.02,100341.84,208,3570.89,254995.07,18582.38,21323.63,7905.43,52530.41,3,Macro,16,63.7
0x74e75a048f970dad8872301fd262d641fc87e5da,133099.84,26668.84,131,1819.62,43439.68,8496.88,4498.39,3230.45,10443.11,5,Macro,108,46.5
0xc1b4278286cdecd3ce421cadcd7effe279b03ab7,152605.87,57932.87,176,1265.9,78705.8,21146.47,9767.49,9519.41,17499.51,3,Politics,130,32.1
0x7ec071bbbb061dc1a3b410f9fcf1a243bc6bbdb9,101361.85,11887.0,420,417.97,35700.25,4367.65,1376.24,2056.64,4086.47,3,Crypto,27,62.0
0x45e40d36d105deb6c20884401fa273910286a298,325853.79,29866.0,448,609.51,169096.84,15794.16,7263.89,5737.0,1070.95,1,Macro,63,47.0
0x6cada8ffdae1f3e9050d9c8c348b98374c20406f,25313.08,9744.77,382,76.73,12129.46,2615.68,1770.19,1419.97,3938.92,1,Sports,73,67.4
0xb07ea6551e1e8a098129ea58ec20c4d4af6acd7c,401356.54,-3870.05,150,1427.88,252714.09,-1116.87,-576.65,-219.66,-1956.86,2,Culture,74,39.0
0x680ea17342a92dd4ceb15e34461197118c656838,47830.04,10807.26,116,268.31,30896.33,5932.5,3085.71,2067.2,-278.15,1,Macro,29,67.2
0xdbc3b1c954afe020772a60832b5587cb3a736dac,372983.26,89116.0,182,4036.14,239501.27,53190.62,19119.94,8043.43,8762.02,5,Politics,121,41.9
0x1b18278ff0044b5f295c2ebb49b5bf57ebd99d3c,174643.28,-17332.49,209,1562.04,129590.56,-6345.59,-3489.72,-2319.24,-5177.94,4,Crypto,25,32.7
0xc227da09233c83ad36bc3ef10d7dc1064d77fe17,86290.39,30538.87,172,367.19,49958.99,5230.27,3722.54,4345.67,17240.39,4,Sports,87,84.2
0x86724fba384bba3b45cf88a63fb84fa02e3d7c98,362248.05,-31447.1,331,1609.82,184485.14,-7372.86,-7048.32,-5662.73,-11363.19,1,Crypto,103,48.0
0x2ccef98845973261bffdc4539193078b880ac299,146523.25,14469.67,434,203.12,88419.01,3825.14,3736.58,205.86,6702.1,1,Politics,164,65.3
0xc6668638d3702c38981f0b98dd812fffedacc421,116661.31,42208.6,424,392.35,77410.87,16909.44,9660.49,6101.42,9537.25,3,Sports,106,59.9
0xc9f1ae3423814aef3d946fe2826968ce9569bf92,164271.17,9443.49,472,245.85,95586.96,3839.7,2617.62,1685.39,1300.78,2,Macro,115,40.1
0x1c463a2641e2cb950126df2ae54251ad0f91b565,34834.52,10371.13,21,2637.42,25794.15,5002.58,2483.01,214.85,2670.68,2,Macro,78,73.5
0xe82ac88cb1a6b8b73e2cddba1259baa12cfdbf90,4309.01,1316.63,358,8.03,1481.73,749.46,335.76,91.31,140.1,3,Culture,89,27.9
0x4249cd25076c97822288937ef2c0f4901915e4ec,43891.24,11742.17,336,229.98,31521.42,5325.32,2235.86,791.15,3389.84,2,Politics,119,26.6
0x0913e32a17407690683b6a3929867f18ee97d3a7,488166.78,29152.69,298,2876.85,291477.61,8337.58,3488.15,2335.31,14991.65,5,Sports,37,31.6
0x7f04bfc3c5bb55965124813d69d27c07454fe038,261728.23,35086.9,264,1167.68,129497.58,13922.34,3793.26,4705.09,12666.21,1,Politics,118,71.3
0xbc71901c4e76352e7087d31b7774268b66ce2a00,301120.72,60721.74,374,1183.49,47805.0,16333.98,7342.3,1351.45,35694.02,4,Macro,49,52.8
0x4cd32a850435f70f02bd723898c523fe8c2af3eb,397778.72,-28522.71,258,1355.0,173313.46,-9396.67,-5063.65,-964.26,-13098.14,4,Macro,187,28.8
0xdac0ff46401da27f6756edb28d8e39245ede7086,319004.96,63239.32,358,1120.01,189231.05,24339.63,6896.02,1693.68,30310.01,4,Macro,65,39.3
0x2d264c92101d2153eefdffd4e6187f6c2060b04c,245837.89,68104.05,180,1659.24,75512.18,14998.37,13506.89,13615.19,25983.6,3,Macro,38,78.5
0x5281afb4a8523ced96057a8fb99c19947dc99eeb,368525.74,91521.99,454,500.72,159669.19,46595.22,12270.69,5134.61,27521.47,1,Crypto,119,55.7
0x94edce462fc471b4095daf79a1cfad420f436bd4,285362.83,-11986.42,68,5865.86,211001.78,-3037.36,-1994.97,-326.95,-6627.13,5,Culture,192,64.2
0xc56d6b510f4f6e539f1c0c622e4735ac6ca5ac02,458862.65,-2145.64,255,1955.79,357619.63,-1206.21,-339.3,-172.56,-427.57,3,Sports,72,56.8
0xa25c4918d16591b0443c7d2e52ed621710fe918e,134297.8,34743.26,352,431.43,14553.6,11250.45,6548.81,5723.02,11220.97,4,Crypto,122,55.4
0x89066d9f8ab1872b4ec2c32eac98235e8f29cd15,167781.95,32087.6,303,1064.98,105996.21,11948.9,6552.14,5677.66,7908.91,1,Sports,196,76.7
0xd617a7056ac1d8a8402e6c4ab701eb4dd7e24f7d,477253.21,171153.2,336,1934.05,67042.8,37074.39,29500.11,15062.64,89516.06,1,Macro,118,27.1
0xb198028028129ee1b13fd06ad16e18d13d2c357a,236157.57,91292.3,345,344.55,86804.56,23886.67,22331.34,12357.32,32716.98,5,Sports,88,30.9
0x6eb8b2aa5f5a3ca57f1f319a96e267fa4f3f86c4,385659.79,123355.61,448,652.73,236159.13,30473.5,13489.26,12471.6,66921.25,1,Macro,40,51.7
0x1d168664576c79ff5cd53f88137dce28477565e1,12538.31,665.23,442,24.61,5894.45,321.7,83.68,60.01,199.84,5,Macro,185,67.4
0xdf42ed7c59d10354cf9d66f0d5e31dfaff1468f6,77022.65,-3071.91,230,448.37,26822.49,-1084.15,-438.04,-355.8,-1193.92,1,Crypto,187,83.3
0x175cc0a476e6f85ce692adf26aaf07fb9d5d2f20,288566.44,110689.58,173,1119.42,41925.55,17412.5,18401.09,5995.04,68880.95,3,Macro,196,32.9
0x7c2b91ee2c2b256e3f029602b983fde4165d785a,387821.03,110961.45,181,1931.09,190992.66,65538.72,20590.53,14571.95,10260.25,4,Politics,150,68.9
0x780750534499688a4d8df59093dfebf7d7ebfd64,41387.22,13581.04,484,98.9,26966.96,7229.47,1747.58,2315.18,2288.82,3,Culture,193,76.3
0x99ed290742eea94c17785e3817caa6d2fc2fc6f0,446498.08,13748.78,481,1595.81,116923.11,4022.93,3842.37,1271.59,4611.91,5,Sports,171,51.6
0x640c9a4ab7e02eb54d24a3a2d65f4bde1ef0998f,136854.69,20307.6,100,2070.69,57416.46,9725.97,4421.79,2972.85,3186.99,4,Crypto,85,68.5
0x39b9cfc1b41773d28d5b1b1720818185e1fd0b19,25788.65,5574.14,468,40.99,9200.32,1397.81,1480.61,322.22,2373.5,3,Sports,123,31.5
0x1a5e9e7eaed00894273e2c38b4292183b0be079b,332162.98,28228.5,187,3455.13,103962.99,16153.38,3187.9,4829.69,4057.54,5,Sports,160,28.6
0xf6193a4f3e624b517d2dcd2d7fda4d4576115a14,371366.28,-8315.4,182,2859.9,88880.96,-1064.19,-2200.65,-601.97,-4448.59,2,Crypto,78,65.4
0x2b543becbd6935c2e5bc8745ae5a4f6d6c547ef2,420291.85,104762.26,181,4571.33,172522.09,37126.22,13459.63,20661.39,33515.03,4,Sports,16,82.5
0xab7f4443f4cf8825ac50a0cae9f75e5f663e42cb,68354.36,8973.15,189,391.01,50704.67,3937.88,2272.26,80.27,2682.73,1,Culture,171,46.6
0x3d067df7736702ffd63cc6f1d8ebdb06d672a157,63238.96,4200.62,349,111.98,36952.69,1029.45,699.01,325.42,2146.74,5,Sports,151,79.0
0x4db5b539e2f0b7bc096a20e0101f71ef0d6f7a71,26537.21,4424.37,270,61.59,12642.72,942.74,755.07,657.53,2069.03,4,Culture,75,80.7
0x8ddeb365df9a3ebfd2d640c61e25d08c128a0578,330831.78,63647.25,186,1165.87,131719.32,17342.38,18961.52,9349.62,17993.74,2,Culture,160,42.4
0x55611ac01375bb5c820cb6b84d5ede930932e209,81058.65,10038.49,97,1013.57,42839.58,3084.62,2567.45,1353.48,3032.95,3,Culture,169,46.8
0x1981e6994b7304c12b9998adda77ad406998c73c,451367.87,-42054.62,405,1071.96,171861.99,-8225.6,-5234.45,-2304.78,-26289.78,1,Crypto,64,43.0
0xaed496bc4c5d0478fa8c613592afd55a8de5941e,67916.37,-152.53,29,1894.77,36804.18,-19.68,-29.97,-28.24,-74.64,1,Culture,90,24.5
0x7350f60e8b54332b081b6fbb5df4f3f9ae78afca,82542.8,9411.09,209,650.03,60695.25,3624.63,2683.01,308.33,2795.11,2,Culture,177,78.0
0x21ea4281d94b0a52131850137ff35f6ae01cd28e,268986.22,99588.97,386,771.1,99961.89,19488.63,21930.57,6087.32,52082.45,5,Politics,57,38.0
0xdccfca940fb614a0efabe0b0a7f9e67f661c2f95,231409.28,38218.53,216,594.9,148200.7,11809.69,8003.18,800.48,17605.18,5,Culture,37,55.0
0xc7a97742fd7ed4def31177d4a1b25d308150493a,44209.63,14377.76,178,249.87,28556.1,6171.03,1571.53,1837.33,4797.89,2,Macro,104,68.1
0x70e82c0ab49e097694dfd6f523652ef32dc3d280,82836.37,12345.07,474,295.12,27572.33,4975.16,2769.38,1475.35,3125.18,3,Crypto,159,40.0
0x252d1d642a3865bb68bc9c8a7ca6f7fa2ce24eae,444327.11,163258.41,104,2550.24,294856.74,57163.75,16594.71,31061.58,58438.36,5,Sports,148,65.5
